{
  "titulo": "Maratona do Porto 2025",
  "descricao": "Registo completo da minha participação na Maratona do Porto, incluindo percurso, estatísticas e reflexão pessoal.",
  "tipo": "registo_desportivo",
  "classificadores": ["desporto", "maratona", "porto", "corrida"],
  "data_criacao": "2025-03-13T08:00:00Z",
  "data_submissao": "2025-03-13T20:00:00Z",
  "produtor": "joaquim_runner",
  "submissor": "joaquim_runner",
  "publico": true,
  "bagit": "bagit.txt",
  "ficheiros": [
    {
      "nome": "Mapa do Percurso",
      "descricao": "Imagem do percurso oficial da Maratona do Porto.",
      "tipo": "image/jpg",
      "caminho": "dados/mapa_maratona.jpg"
    },
    {
      "nome": "Estatísticas da Corrida",
      "descricao": "Ficheiro JSON com as estatísticas completas da maratona.",
      "tipo": "application/json",
      "caminho": "dados/estatisticas.json"
    }
  ]
}
