{ 
  "titulo": "Tulips Bloom",
  "descricao": "Tulipas",
  "tipo": "flores",
  "classificadores" : ["flores","tulipas"],
  "data_criacao": "2025-04-19T10:30:00Z",
  "data_submissao": "2025-04-23T19:48:00Z",
  "produtor": "author2",
  "submissor": "author2",
  "publico": false,
  "ficheiros": [
    {
      "nome" : "Tulipas",
      "descricao" : "Foto de tulipas",
      "tipo" : "image/jpg",
      "caminho" : "dados/tulipas1.jpg"
    },
    {
      "nome" : "Tulipa Rosa",
      "descricao" : "Foto de uma Tulipa Rosa",
      "tipo" : "image/jpg",
      "caminho" : "dados/tulipas2.jpg"
    },
    {
      "nome" : "Tulipas Rosa",
      "descricao" : "Foto de tulipas rosas",
      "tipo" : "image/jpg",
      "caminho" : "dados/tulipas3.jpg"
    },
    {
      "nome" : "Tulipas Vermelhas",
      "descricao" : "Foto de Tulipas Vermelhas",
      "tipo" : "image/jpg",
      "caminho" : "dados/tulipas4.jpg"
    }
  ]
}
