{
  "titulo": "Jardim da Vida",
  "descricao": "Reflexões sobre o percurso pessoal e profissional, inspiradas num jardim simbólico.",
  "tipo": "reflexão",
  "classificadores": ["reflexão", "crescimento", "jardim", "trajeto"],
  "data_criacao": "2025-06-01T15:45:00Z",
  "data_submissao": "2025-06-01T15:45:00Z",
  "produtor": "author1",
  "submissor": "author1",
  "publico": true,
  "bagit": "bagit.txt",
  "ficheiros": [
    {
      "nome": "Baloiço",
      "descricao": "Imagem do baloiço que representa o início do percurso e os primeiros sonhos.",
      "tipo": "image/jpeg",
      "caminho": "dados/baloico.jpeg"
    },
    {
      "nome": "Banco",
      "descricao": "Imagem de um banco de jardim que simboliza os momentos de pausa e reflexão.",
      "tipo": "image/jpeg",
      "caminho": "dados/banco.jpg"
    },
    {
      "nome": "Caminho",
      "descricao": "Imagem de um caminho florido que representa o percurso trilhado ao longo do tempo.",
      "tipo": "image/jpeg",
      "caminho": "dados/caminho.jpeg"
    },
    {
      "nome": "Fonte",
      "descricao": "Imagem de uma fonte que simboliza a aprendizagem e a renovação constante.",
      "tipo": "image/jpeg",
      "caminho": "dados/fonte.jpg"
    },
    {
      "nome": "Reflexão",
      "descricao": "Ficheiro de texto com a reflexão completa sobre o tema 'Jardim da Vida'.",
      "tipo": "text/plain",
      "caminho": "dados/jardim_vida.txt"
    }
  ]
}

