{
  "titulo": "Caminhada na Serra",
  "descricao": "Uma bela caminhada em família pelas deslumbrantes montanhas do Gerês. Um trilho a repetir.",
  "tipo": "passeio",
  "classificadores" : ["treino","pensamento","natureza","local"],
  "data_criacao": "2025-05-11T15:32:00Z",
  "data_submissao": "2025-05-11T15:40:00Z",
  "produtor": "author1",
  "submissor": "author1",
  "publico": true,
  "bagit" : "bagit.txt",
  "ficheiros": [
    {
      "nome" : "Braga",
      "descricao" : "Fotografia do Bom Jesus",
      "tipo" : "image/jpeg",
      "caminho" : "dados/braga.jpg"
    },
    {
      "nome" : "Descrição",
      "descricao" : "Descrição sobre a caminhada",
      "tipo" : "text/plain",
      "caminho" : "dados/descricao.txt"
    },
    {
      "nome" : "Treino",
      "descricao" : "Fotografia do Treino efetuado",
      "tipo" : "image/jpeg",
      "caminho" : "dados/treino.jpg"
    },
    {
      "nome" : "Notas",
      "descricao" : "Notas sobre o treino efetuado",
      "tipo" : "text/plain",
      "caminho" : "dados/notas.txt"
    }
  ]
}
