{
  "titulo": "Catálogo de Cabras",
  "descricao": "Coleção de imagens e descrições de três cabras com diferentes personalidades e cores.",
  "tipo": "animais",
  "classificadores": ["cabras", "animais", "catalogo", "curiosidades"],
  "data_criacao": "2025-06-01T16:20:00Z",
  "data_submissao": "2025-06-01T16:20:00Z",
  "produtor": "author2",
  "submissor": "author2",
  "publico": true,
  "bagit": "bagit.txt",
  "ficheiros": [
    {
      "nome": "Cabra Branca",
      "descricao": "Imagem da cabra branca, elegante e curiosa.",
      "tipo": "image/jpeg",
      "caminho": "dados/cabra_branca.jpg"
    },
    {
      "nome": "Cabra Castanha",
      "descricao": "Imagem da cabra castanha, serena e sorridente.",
      "tipo": "image/png",
      "caminho": "dados/cabra_castanha.png"
    },
    {
      "nome": "Cabra Preta e Branca",
      "descricao": "Imagem da cabra preta e branca, energética e brincalhona.",
      "tipo": "image/jpeg",
      "caminho": "dados/cabra_preta_branca.jpg"
    },
    {
      "nome": "Descrição das Cabras",
      "descricao": "Ficheiro de texto com a descrição e curiosidades de cada cabra.",
      "tipo": "text/plain",
      "caminho": "dados/cabras.txt"
    }
  ]
}

