{
    "titulo": "Reflexão sobre o apagão",
    "descricao": "Registo de um dia totalmente diferente.",
    "tipo": "reflexões",
    "classificadores": ["reflexão"],
    "data_criacao": "2025-05-30T11:00:00Z",
    "data_submissao": "2025-05-30T11:15:00Z",
    "produtor": "pedro_user1",
    "submissor": "pedro_user1",
    "publico": true,
    "bagit": "bagit.txt",
    "ficheiros": [
      {
        "nome": "Parque",
        "descricao": "Fotografia tirada no parque da cidade ao fim do dia.",
        "tipo": "image/jpeg",
        "caminho": "dados/parque.jpg"
      },
      {
        "nome": "Reflexão",
        "descricao": "Texto onde escrevo as minhas reflexões sobre este dia.",
        "tipo": "text/plain",
        "caminho": "dados/reflexoes.txt"
      },
      {
        "nome": "Passeio",
        "descricao": "Fotografia tirada num passeio no parque.",
        "tipo": "image/jpeg",
        "caminho": "dados/passeio.jpg"
      }
    ]
  }
  