{
  "titulo": "Um casamento para recordar",
  "descricao": "O primeiro casamento desta primavera na quinta.",
  "tipo": "eventos",
  "classificadores" : ["casamento","evento"],
  "data_criacao": "2025-06-01T15:32:00Z",
  "data_submissao": "2025-06-01T15:32:00Z",
  "produtor": "author3",
  "submissor": "author3",
  "publico": true,
  "bagit" : "bagit.txt",
  "ficheiros": [
    {
      "nome": "Cerimónia",
      "descricao": "Imagem da cerimónia de casamento",
      "tipo": "image/png",
      "caminho": "dados/cerimonia.png"
    },
    {
      "nome": "Programa",
      "descricao": "Ficheiro com o programa completo do casamento",
      "tipo": "text/plain",
      "caminho": "dados/programa.txt"
    },
    {
      "nome": "Salão",
      "descricao": "Imagem da decoração do salão de festa",
      "tipo": "image/jpeg",
      "caminho": "dados/salao.jpg"
    }
  ]
}
