{ 
  "titulo": "Gato na Areia",
  "descricao": "Caminhar pela praia sempre me motiva para prosseguir",
  "tipo": "passeio",
  "classificadores" : ["praia","gato"],
  "data_criacao": "2025-06-01T10:32:00Z",
  "data_submissao": "2025-06-01T17:58:00Z",
  "produtor": "author2",
  "submissor": "author2",
  "publico": true,
  "ficheiros": [
    {
      "nome" : "Praia",
      "descricao" : "Fotografia da praia de Vila do Conde",
      "tipo" : "image/jpg",
      "caminho" : "dados/praia.jpg"
    },
    {
      "nome" : "Gato",
      "descricao" : "Gato que representa a minha emoção",
      "tipo" : "image/jpeg",
      "caminho" : "dados/gato.jpeg"
    },
    {
      "nome" : "Descrição",
      "descricao" : "Descrição do recurso",
      "tipo" : "text/markdown",
      "caminho" : "dados/descricao.md"
    }
  ]
}
